index,frequency,frequency_bin,flux,flux_error,mjd_start,mjd_stop,waveband
0,1.395e+17,2.077e+16,1.3665e-10,7.8618e-12,50569.13745,50569.61257,xray
1,1.883e+17,2.805e+16,1.3231e-10,5.2986e-12,50569.13745,50569.61257,xray
2,2.542e+17,3.786e+16,1.2801e-10,4.5958e-12,50569.13745,50569.61257,xray
3,3.432e+17,5.111e+16,1.1696e-10,4.4475e-12,50569.13745,50569.61257,xray
4,4.633e+17,6.901e+16,1.0488e-10,2.8152e-12,50569.13745,50569.61257,xray
5,6.255e+17,9.316e+16,8.8421e-11,2.2462e-12,50569.13745,50569.61257,xray
6,8.444e+17,1.258e+17,7.2995e-11,2.3614e-12,50569.13745,50569.61257,xray
7,1.14e+18,1.698e+17,5.7982e-11,2.5232e-12,50569.13745,50569.61257,xray
8,1.539e+18,2.292e+17,4.52e-11,2.9633e-12,50569.13745,50569.61257,xray
9,2.078e+18,3.094e+17,3.5261e-11,4.271e-12,50569.13745,50569.61257,xray
10,2.805e+18,4.177e+17,3.4097e-11,5.9665e-12,50569.13745,50569.61257,xray
11,3.787e+18,5.64e+17,2.3764e-11,7.404e-12,50569.13745,50569.61257,xray
12,5.112e+18,7.614e+17,1.3121e-11,5.6114e-12,50569.13745,50569.61257,xray
13,1.395e+17,2.077e+16,1.2152e-10,7.5656e-12,50568.13853,50568.61257,xray
14,1.883e+17,2.805e+16,1.1975e-10,5.1653e-12,50568.13853,50568.61257,xray
15,2.542e+17,3.786e+16,1.1276e-10,4.4159e-12,50568.13853,50568.61257,xray
16,3.432e+17,5.111e+16,1.0242e-10,4.2636e-12,50568.13853,50568.61257,xray
17,4.633e+17,6.901e+16,9.1837e-11,2.6236e-12,50568.13853,50568.61257,xray
18,6.255e+17,9.316e+16,7.5065e-11,2.0579e-12,50568.13853,50568.61257,xray
19,8.444e+17,1.258e+17,6.1312e-11,2.1533e-12,50568.13853,50568.61257,xray
20,1.14e+18,1.698e+17,4.842e-11,2.297e-12,50568.13853,50568.61257,xray
21,1.539e+18,2.292e+17,3.6566e-11,2.648e-12,50568.13853,50568.61257,xray
22,2.078e+18,3.094e+17,2.7242e-11,3.7938e-12,50568.13853,50568.61257,xray
23,2.805e+18,4.177e+17,2.0942e-11,4.7456e-12,50568.13853,50568.61257,xray
24,3.787e+18,5.64e+17,1.9813e-11,8.8386e-12,50568.13853,50568.61257,xray
25,5.112e+18,7.614e+17,9.5194e-12,4.2269e-12,50568.13853,50568.61257,xray
26,6.901e+18,1.028e+18,6.7267e-12,5.1925e-12,50568.13853,50568.61257,xray
27,1.686e+17,2.431e+16,9.4074e-11,5.6775e-12,50572.14245,50572.40632,xray
28,2.254e+17,3.25e+16,8.1026e-11,4.1163e-12,50572.14245,50572.40632,xray
29,3.014e+17,4.345e+16,7.2742e-11,3.816e-12,50572.14245,50572.40632,xray
30,4.029e+17,5.808e+16,5.6103e-11,3.1906e-12,50572.14245,50572.40632,xray
31,5.386e+17,7.765e+16,4.6724e-11,2.3201e-12,50572.14245,50572.40632,xray
32,7.201e+17,1.038e+17,3.7001e-11,2.1553e-12,50572.14245,50572.40632,xray
33,9.627e+17,1.388e+17,2.6832e-11,2.1507e-12,50572.14245,50572.40632,xray
34,1.287e+18,1.855e+17,1.927e-11,2.2791e-12,50572.14245,50572.40632,xray
35,1.721e+18,2.48e+17,1.4851e-11,2.7725e-12,50572.14245,50572.40632,xray
36,2.3e+18,3.316e+17,1.1e-11,4.0123e-12,50572.14245,50572.40632,xray
37,1.013e+17,1.591e+16,1.1084e-10,1.1759e-11,50573.14747,50573.40632,xray
38,1.391e+17,2.183e+16,1.0962e-10,7.4741e-12,50573.14747,50573.40632,xray
39,1.909e+17,2.996e+16,1.0979e-10,5.0636e-12,50573.14747,50573.40632,xray
40,2.619e+17,4.112e+16,9.6034e-11,4.1529e-12,50573.14747,50573.40632,xray
41,3.595e+17,5.643e+16,8.2534e-11,3.9594e-12,50573.14747,50573.40632,xray
42,4.933e+17,7.744e+16,7.1766e-11,3.1859e-12,50573.14747,50573.40632,xray
43,6.771e+17,1.063e+17,5.658e-11,2.6164e-12,50573.14747,50573.40632,xray
44,9.292e+17,1.459e+17,4.2829e-11,2.6717e-12,50573.14747,50573.40632,xray
45,1.275e+18,2.002e+17,3.2066e-11,2.9465e-12,50573.14747,50573.40632,xray
46,1.75e+18,2.747e+17,2.3772e-11,3.6065e-12,50573.14747,50573.40632,xray
47,2.402e+18,3.77e+17,1.6916e-11,5.1022e-12,50573.14747,50573.40632,xray
48,1.686e+17,2.431e+16,1.0529e-10,6.3803e-12,50571.14216,50571.40354,xray
49,2.254e+17,3.25e+16,1.0391e-10,4.9696e-12,50571.14216,50571.40354,xray
50,3.014e+17,4.345e+16,9.8872e-11,4.7578e-12,50571.14216,50571.40354,xray
51,4.029e+17,5.808e+16,8.5049e-11,4.0364e-12,50571.14216,50571.40354,xray
52,5.386e+17,7.765e+16,7.3457e-11,2.9654e-12,50571.14216,50571.40354,xray
53,7.201e+17,1.038e+17,5.8814e-11,2.7687e-12,50571.14216,50571.40354,xray
54,9.627e+17,1.388e+17,4.6299e-11,2.8817e-12,50571.14216,50571.40354,xray
55,1.287e+18,1.855e+17,3.8159e-11,3.2714e-12,50571.14216,50571.40354,xray
56,1.721e+18,2.48e+17,2.6532e-11,3.7358e-12,50571.14216,50571.40354,xray
57,2.3e+18,3.316e+17,2.1595e-11,5.5379e-12,50571.14216,50571.40354,xray
58,3.075e+18,4.433e+17,2.123e-11,1.2858e-11,50571.14216,50571.40354,xray
59,4.111e+18,5.927e+17,1.706e-11,8.3319e-12,50571.14216,50571.40354,xray
60,5.496e+18,7.924e+17,1.1979e-11,9.1382e-12,50571.14216,50571.40354,xray
61,1.773e+17,2.534e+16,2.7444e-10,3.8104e-12,51673.16215,51676.33937,xray
62,2.365e+17,3.379e+16,3.0498e-10,3.4496e-12,51673.16215,51676.33937,xray
63,3.153e+17,4.505e+16,3.1634e-10,3.5381e-12,51673.16215,51676.33937,xray
64,4.204e+17,6.008e+16,3.2758e-10,2.7283e-12,51673.16215,51676.33937,xray
65,5.606e+17,8.011e+16,3.2565e-10,2.6301e-12,51673.16215,51676.33937,xray
66,7.475e+17,1.068e+17,3.2072e-10,2.265e-12,51673.16215,51676.33937,xray
67,9.968e+17,1.424e+17,3.1235e-10,2.708e-12,51673.16215,51676.33937,xray
68,1.329e+18,1.899e+17,3.0504e-10,3.629e-12,51673.16215,51676.33937,xray
69,1.772e+18,2.533e+17,2.9206e-10,5.067e-12,51673.16215,51676.33937,xray
70,2.363e+18,3.377e+17,2.8053e-10,8.1894e-12,51673.16215,51676.33937,xray
71,3.151e+18,4.503e+17,2.4203e-10,4.2741e-12,51673.16215,51676.33937,xray
72,4.202e+18,6.005e+17,2.2633e-10,2.8939e-12,51673.16215,51676.33937,xray
73,5.603e+18,8.007e+17,2.0103e-10,3.1753e-12,51673.16215,51676.33937,xray
74,7.472e+18,1.068e+18,1.7092e-10,4.4067e-12,51673.16215,51676.33937,xray
75,9.963e+18,1.424e+18,1.4839e-10,5.9527e-12,51673.16215,51676.33937,xray
76,1.328e+19,1.898e+18,1.2623e-10,8.9504e-12,51673.16215,51676.33937,xray
77,1.771e+19,2.531e+18,8.0833e-11,9.5255e-12,51673.16215,51676.33937,xray
78,2.362e+19,3.375e+18,7.1796e-11,1.1499e-11,51673.16215,51676.33937,xray
80,1.057e+17,1.649e+16,2.1709e-10,1.0742e-11,50924.07815,50925.13458,xray
81,1.448e+17,2.258e+16,2.1526e-10,6.3065e-12,50924.07815,50925.13458,xray
82,1.983e+17,3.092e+16,2.1451e-10,4.6153e-12,50924.07815,50925.13458,xray
83,2.716e+17,4.234e+16,2.0751e-10,4.0938e-12,50924.07815,50925.13458,xray
84,3.719e+17,5.798e+16,1.9127e-10,4.0518e-12,50924.07815,50925.13458,xray
85,5.092e+17,7.939e+16,1.7044e-10,3.5686e-12,50924.07815,50925.13458,xray
86,6.974e+17,1.087e+17,1.4553e-10,3.168e-12,50924.07815,50925.13458,xray
87,9.549e+17,1.489e+17,1.184e-10,3.1528e-12,50924.07815,50925.13458,xray
88,1.308e+18,2.039e+17,9.5931e-11,3.8651e-12,50924.07815,50925.13458,xray
89,1.791e+18,2.792e+17,7.2636e-11,5.1181e-12,50924.07815,50925.13458,xray
90,2.452e+18,3.823e+17,6.261e-11,8.0042e-12,50924.07815,50925.13458,xray
91,3.358e+18,5.235e+17,2.5838e-11,7.7641e-12,50924.07815,50925.13458,xray
92,4.599e+18,7.169e+17,2.5669e-11,5.0278e-12,50924.07815,50925.13458,xray
93,6.297e+18,9.818e+17,2.2017e-11,6.7268e-12,50924.07815,50925.13458,xray
94,8.623e+18,1.344e+18,2.0682e-11,6.8697e-12,50924.07815,50925.13458,xray
95,1.181e+19,1.841e+18,1.9296e-11,8.9184e-12,50924.07815,50925.13458,xray
96,1.617e+19,2.521e+18,2.6615e-11,1.2502e-11,50924.07815,50925.13458,xray
97,1.395e+17,2.077e+16,2.2181e-10,1.0168e-11,50986.30302,50987.09852,xray
98,1.883e+17,2.805e+16,2.297e-10,7.1319e-12,50986.30302,50987.09852,xray
99,2.542e+17,3.786e+16,2.2822e-10,6.2857e-12,50986.30302,50987.09852,xray
100,3.432e+17,5.111e+16,2.225e-10,6.302e-12,50986.30302,50987.09852,xray
101,4.633e+17,6.901e+16,2.1141e-10,3.9655e-12,50986.30302,50987.09852,xray
102,6.255e+17,9.316e+16,1.9118e-10,4.0048e-12,50986.30302,50987.09852,xray
103,8.444e+17,1.258e+17,1.672e-10,3.5686e-12,50986.30302,50987.09852,xray
104,1.14e+18,1.698e+17,1.4428e-10,4.2425e-12,50986.30302,50987.09852,xray
105,1.539e+18,2.292e+17,1.2237e-10,5.5256e-12,50986.30302,50987.09852,xray
106,2.078e+18,3.094e+17,1.0208e-10,8.3187e-12,50986.30302,50987.09852,xray
107,2.805e+18,4.177e+17,9.6359e-11,1.1996e-11,50986.30302,50987.09852,xray
108,3.787e+18,5.64e+17,5.9571e-11,8.3832e-12,50986.30302,50987.09852,xray
109,5.112e+18,7.614e+17,3.8715e-11,7.3071e-12,50986.30302,50987.09852,xray
110,6.901e+18,1.028e+18,3.493e-11,9.554e-12,50986.30302,50987.09852,xray
111,9.316e+18,1.388e+18,2.3513e-11,9.0173e-12,50986.30302,50987.09852,xray
112,1.057e+17,1.649e+16,2.7281e-10,1.2563e-11,50926.01889,50927.27574,xray
113,1.448e+17,2.258e+16,2.7722e-10,7.5155e-12,50926.01889,50927.27574,xray
114,1.983e+17,3.092e+16,2.896e-10,5.6571e-12,50926.01889,50927.27574,xray
115,2.716e+17,4.234e+16,2.9534e-10,5.161e-12,50926.01889,50927.27574,xray
116,3.719e+17,5.798e+16,2.8323e-10,5.2405e-12,50926.01889,50927.27574,xray
117,5.092e+17,7.939e+16,2.6697e-10,4.8317e-12,50926.01889,50927.27574,xray
118,6.974e+17,1.087e+17,2.3872e-10,4.3881e-12,50926.01889,50927.27574,xray
119,9.549e+17,1.489e+17,2.0487e-10,4.4879e-12,50926.01889,50927.27574,xray
120,1.308e+18,2.039e+17,1.7373e-10,5.6112e-12,50926.01889,50927.27574,xray
121,1.791e+18,2.792e+17,1.4627e-10,7.8279e-12,50926.01889,50927.27574,xray
122,2.452e+18,3.823e+17,1.2878e-10,1.208e-11,50926.01889,50927.27574,xray
123,3.358e+18,5.235e+17,8.6974e-11,1.0381e-11,50926.01889,50927.27574,xray
124,4.599e+18,7.169e+17,6.1555e-11,6.7861e-12,50926.01889,50927.27574,xray
125,6.297e+18,9.818e+17,3.6709e-11,9.0295e-12,50926.01889,50927.27574,xray
126,8.623e+18,1.344e+18,3.618e-11,1.2949e-11,50926.01889,50927.27574,xray
127,1.057e+17,1.649e+16,1.9889e-10,8.0292e-12,51302.76176,51306.14015,xray
128,1.448e+17,2.258e+16,1.8791e-10,4.4619e-12,51302.76176,51306.14015,xray
129,1.983e+17,3.092e+16,1.7989e-10,3.1882e-12,51302.76176,51306.14015,xray
130,2.716e+17,4.234e+16,1.6734e-10,2.7648e-12,51302.76176,51306.14015,xray
131,3.719e+17,5.798e+16,1.4244e-10,2.4814e-12,51302.76176,51306.14015,xray
132,5.092e+17,7.939e+16,1.2157e-10,1.7201e-12,51302.76176,51306.14015,xray
133,6.974e+17,1.087e+17,9.815e-11,1.4882e-12,51302.76176,51306.14015,xray
134,9.549e+17,1.489e+17,7.3419e-11,1.4236e-12,51302.76176,51306.14015,xray
135,1.308e+18,2.039e+17,5.4781e-11,1.6807e-12,51302.76176,51306.14015,xray
136,1.791e+18,2.792e+17,3.9525e-11,2.1793e-12,51302.76176,51306.14015,xray
137,2.452e+18,3.823e+17,2.9457e-11,3.1649e-12,51302.76176,51306.14015,xray
138,3.358e+18,5.235e+17,1.1883e-11,3.7235e-12,51302.76176,51306.14015,xray
139,4.599e+18,7.169e+17,1.0645e-11,2.3889e-12,51302.76176,51306.14015,xray
140,6.297e+18,9.818e+17,1.0127e-11,3.1518e-12,51302.76176,51306.14015,xray
141,8.623e+18,1.344e+18,6.6007e-12,3.2098e-12,51302.76176,51306.14015,xray
142,1.617e+19,2.521e+18,6.9976e-12,3.8849e-12,51302.76176,51306.14015,xray
143,1.773e+17,2.534e+16,3.0672e-10,4.4636e-12,51660.73374,51662.97052,xray
144,2.365e+17,3.379e+16,3.4941e-10,4.1019e-12,51660.73374,51662.97052,xray
145,3.153e+17,4.505e+16,3.7025e-10,4.2559e-12,51660.73374,51662.97052,xray
146,4.204e+17,6.008e+16,3.9337e-10,4.1601e-12,51660.73374,51662.97052,xray
147,5.606e+17,8.011e+16,3.9676e-10,4.3891e-12,51660.73374,51662.97052,xray
148,7.475e+17,1.068e+17,3.9393e-10,3.7955e-12,51660.73374,51662.97052,xray
149,9.968e+17,1.424e+17,3.8953e-10,4.5718e-12,51660.73374,51662.97052,xray
150,1.329e+18,1.899e+17,3.8237e-10,6.1371e-12,51660.73374,51662.97052,xray
151,1.772e+18,2.533e+17,3.7311e-10,8.6457e-12,51660.73374,51662.97052,xray
152,2.363e+18,3.377e+17,3.5985e-10,1.3986e-11,51660.73374,51662.97052,xray
153,3.151e+18,4.503e+17,3.1129e-10,6.6224e-12,51660.73374,51662.97052,xray
154,4.202e+18,6.005e+17,2.8923e-10,4.5062e-12,51660.73374,51662.97052,xray
155,5.603e+18,8.007e+17,2.5769e-10,4.9358e-12,51660.73374,51662.97052,xray
156,7.472e+18,1.068e+18,2.2551e-10,6.8151e-12,51660.73374,51662.97052,xray
157,9.963e+18,1.424e+18,1.9997e-10,9.1346e-12,51660.73374,51662.97052,xray
158,1.328e+19,1.898e+18,1.6986e-10,1.3668e-11,51660.73374,51662.97052,xray
159,1.771e+19,2.531e+18,1.6758e-10,1.457e-11,51660.73374,51662.97052,xray
160,2.362e+19,3.375e+18,1.2258e-10,1.7564e-11,51660.73374,51662.97052,xray
162,1.773e+17,2.534e+16,3.0553e-10,3.9863e-12,51664.12794,51667.09238,xray
163,2.365e+17,3.379e+16,3.41e-10,3.6255e-12,51664.12794,51667.09238,xray
164,3.153e+17,4.505e+16,3.6429e-10,3.7787e-12,51664.12794,51667.09238,xray
165,4.204e+17,6.008e+16,3.8917e-10,5.0471e-12,51664.12794,51667.09238,xray
166,5.606e+17,8.011e+16,3.9013e-10,5.744e-12,51664.12794,51667.09238,xray
167,7.475e+17,1.068e+17,3.8801e-10,4.9721e-12,51664.12794,51667.09238,xray
168,9.968e+17,1.424e+17,3.8133e-10,5.9704e-12,51664.12794,51667.09238,xray
169,1.329e+18,1.899e+17,3.6913e-10,7.9672e-12,51664.12794,51667.09238,xray
170,1.772e+18,2.533e+17,3.5008e-10,1.1049e-11,51664.12794,51667.09238,xray
171,2.363e+18,3.377e+17,3.333e-10,1.7788e-11,51664.12794,51667.09238,xray
172,3.151e+18,4.503e+17,2.725e-10,6.5155e-12,51664.12794,51667.09238,xray
173,4.202e+18,6.005e+17,2.5949e-10,4.3988e-12,51664.12794,51667.09238,xray
174,5.603e+18,8.007e+17,2.1681e-10,4.806e-12,51664.12794,51667.09238,xray
175,7.472e+18,1.068e+18,1.8493e-10,6.6665e-12,51664.12794,51667.09238,xray
176,9.963e+18,1.424e+18,1.4876e-10,8.9809e-12,51664.12794,51667.09238,xray
177,1.328e+19,1.898e+18,1.2882e-10,1.3506e-11,51664.12794,51667.09238,xray
178,1.771e+19,2.531e+18,1.0776e-10,1.4367e-11,51664.12794,51667.09238,xray
179,2.362e+19,3.375e+18,8.2101e-11,1.7311e-11,51664.12794,51667.09238,xray
181,1.395e+17,2.077e+16,1.5591e-10,1.2914e-11,50570.17399,50570.40354,xray
182,1.883e+17,2.805e+16,1.5481e-10,8.8561e-12,50570.17399,50570.40354,xray
183,2.542e+17,3.786e+16,1.5303e-10,7.7722e-12,50570.17399,50570.40354,xray
184,3.432e+17,5.111e+16,1.3477e-10,7.3891e-12,50570.17399,50570.40354,xray
185,4.633e+17,6.901e+16,1.2883e-10,4.5005e-12,50570.17399,50570.40354,xray
186,6.255e+17,9.316e+16,1.0814e-10,3.5835e-12,50570.17399,50570.40354,xray
187,8.444e+17,1.258e+17,9.0174e-11,3.7904e-12,50570.17399,50570.40354,xray
188,1.14e+18,1.698e+17,7.1824e-11,4.0483e-12,50570.17399,50570.40354,xray
189,1.539e+18,2.292e+17,5.6287e-11,4.767e-12,50570.17399,50570.40354,xray
190,2.078e+18,3.094e+17,4.1315e-11,6.6992e-12,50570.17399,50570.40354,xray
191,2.805e+18,4.177e+17,3.684e-11,8.9195e-12,50570.17399,50570.40354,xray
192,3.787e+18,5.64e+17,3.378e-11,1.0633e-11,50570.17399,50570.40354,xray
193,6.901e+18,1.028e+18,2.0808e-11,6.2865e-12,50570.17399,50570.40354,xray
194,1.395e+17,2.077e+16,1.1655e-10,7.2529e-12,50567.16837,50567.61257,xray
195,1.883e+17,2.805e+16,1.1313e-10,4.9025e-12,50567.16837,50567.61257,xray
196,2.542e+17,3.786e+16,1.0834e-10,4.2297e-12,50567.16837,50567.61257,xray
197,3.432e+17,5.111e+16,9.6747e-11,4.0543e-12,50567.16837,50567.61257,xray
198,4.633e+17,6.901e+16,9.1777e-11,2.6584e-12,50567.16837,50567.61257,xray
199,6.255e+17,9.316e+16,7.6166e-11,2.1022e-12,50567.16837,50567.61257,xray
200,8.444e+17,1.258e+17,6.0592e-11,2.1726e-12,50567.16837,50567.61257,xray
201,1.14e+18,1.698e+17,4.9873e-11,2.3638e-12,50567.16837,50567.61257,xray
202,1.539e+18,2.292e+17,3.8562e-11,2.7598e-12,50567.16837,50567.61257,xray
203,2.078e+18,3.094e+17,2.8525e-11,3.9075e-12,50567.16837,50567.61257,xray
204,2.805e+18,4.177e+17,2.1966e-11,4.9072e-12,50567.16837,50567.61257,xray
205,3.787e+18,5.64e+17,2.5031e-11,7.9813e-12,50567.16837,50567.61257,xray
206,5.112e+18,7.614e+17,2.2706e-11,6.9095e-12,50567.16837,50567.61257,xray
207,9.316e+18,1.388e+18,1.3612e-11,6.2337e-12,50567.16837,50567.61257,xray
208,1.773e+17,2.534e+16,3.1632e-10,6.7639e-12,51662.97053,51664.12794,xray
209,2.365e+17,3.379e+16,3.6192e-10,6.2239e-12,51662.97053,51664.12794,xray
210,3.153e+17,4.505e+16,3.8796e-10,6.4982e-12,51662.97053,51664.12794,xray
211,4.204e+17,6.008e+16,4.1319e-10,6.3689e-12,51662.97053,51664.12794,xray
212,5.606e+17,8.011e+16,4.2434e-10,6.7873e-12,51662.97053,51664.12794,xray
213,7.475e+17,1.068e+17,4.2017e-10,5.8598e-12,51662.97053,51664.12794,xray
214,9.968e+17,1.424e+17,4.2084e-10,7.1028e-12,51662.97053,51664.12794,xray
215,1.329e+18,1.899e+17,4.1855e-10,9.5972e-12,51662.97053,51664.12794,xray
216,1.772e+18,2.533e+17,4.0325e-10,1.3429e-11,51662.97053,51664.12794,xray
217,2.363e+18,3.377e+17,3.9344e-10,2.1803e-11,51662.97053,51664.12794,xray
218,3.151e+18,4.503e+17,3.2729e-10,9.5804e-12,51662.97053,51664.12794,xray
219,4.202e+18,6.005e+17,3.2451e-10,6.5995e-12,51662.97053,51664.12794,xray
220,5.603e+18,8.007e+17,2.8987e-10,7.1674e-12,51662.97053,51664.12794,xray
221,7.472e+18,1.068e+18,2.5194e-10,9.8673e-12,51662.97053,51664.12794,xray
222,9.963e+18,1.424e+18,2.0458e-10,1.3252e-11,51662.97053,51664.12794,xray
223,1.328e+19,1.898e+18,2.1145e-10,1.9742e-11,51662.97053,51664.12794,xray
224,1.771e+19,2.531e+18,1.489e-10,2.1179e-11,51662.97053,51664.12794,xray
225,2.362e+19,3.375e+18,1.4286e-10,2.5463e-11,51662.97053,51664.12794,xray
516,7.254e+18,,5.0543e-11,8.4536e-13,53340.5,55469.5,xray
517,1.693e+19,,5.0543e-11,8.4536e-13,53340.5,55469.5,xray
518,1.529e+19,,1.992e-10,4.1071e-12,52671.5,54557.5,xray
519,6.839e+18,,2.7945e-10,2.1832e-12,52671.5,54557.5,xray
559,1.147e+19,,5.8022e-11,5.629e-13,53576.425781,55346.425781,xray
560,6.945e+18,,7.9436e-11,9.468e-13,53430.0,55256.0,xray
561,6.622e+18,,5.8503e-11,7.6314e-13,53340.5,54525.5,xray
562,1.147e+19,,5.234e-11,8.642e-13,53340.5,54525.5,xray
563,5.129e+18,,8.4845e-11,9.7664e-13,53340.5,54525.5,xray
564,9.365e+18,,4.6868e-11,5.8508e-13,53340.5,54525.5,xray
568,8.463e+17,,2.4714e-10,2.0914e-12,55075.0,55286.0,xray
569,1.451e+18,,1.9511e-10,1.8205e-12,55075.0,55286.0,xray
570,1.529e+18,,3.6548e-10,3.273e-12,55075.0,55286.0,xray
571,1.777e+18,,4.7583e-11,1.955e-13,52609.958426,52610.778715,xray
572,1.777e+18,,1.3614e-10,2.9358e-13,52592.01941,52592.828148,xray
573,1.777e+18,,3.3897e-11,1.8276e-13,52592.01941,52592.828148,xray
574,1.777e+18,,6.4962e-11,2.9361e-13,54792.608796,54792.714919,xray
575,1.777e+18,,1.993e-10,6.805e-13,55151.754977,55151.849525,xray
576,1.777e+18,,6.1853e-11,3.5296e-13,52610.833588,52610.943426,xray
577,1.777e+18,,4.2589e-11,3.0154e-13,54228.33772,54228.597118,xray
578,1.777e+18,,2.9367e-11,2.3586e-13,55698.443947,55698.555856,xray
579,1.777e+18,,4.2469e-11,2.1646e-13,51849.997523,51850.428669,xray
580,1.777e+18,,5.7314e-11,7.8365e-13,52792.060475,52792.271771,xray
581,1.777e+18,,2.8468e-11,2.5013e-13,52797.913194,52798.462269,xray
582,1.777e+18,,1.1821e-10,3.3722e-13,52037.386169,52037.830706,xray
583,1.777e+18,,1.6099e-10,2.8093e-13,53683.76316,53684.455394,xray
584,1.777e+18,,1.4512e-10,3.3638e-13,51861.922998,51862.4664,xray
585,1.777e+18,,2.9231e-11,2.7379e-13,54230.671736,54230.753611,xray
586,1.777e+18,,1.0671e-10,4.6793e-13,52983.891759,52984.190926,xray
587,1.777e+18,,5.3744e-11,3.9355e-13,52791.557164,52792.0264,xray
588,1.777e+18,,2.0232e-10,8.8018e-13,51689.181053,51689.389387,xray
589,1.777e+18,,1.167e-10,6.4284e-13,52592.874132,52592.984028,xray
590,1.777e+18,,1.749e-10,7.9618e-13,52957.677037,52958.240324,xray
591,1.777e+18,,3.6254e-10,5.7307e-13,53883.089375,53883.888866,xray
592,1.777e+18,,1.1674e-11,9.7581e-14,52399.188877,52399.386319,xray
593,1.777e+18,,3.971e-11,3.5709e-13,54228.613171,54228.839537,xray
594,1.777e+18,,1.7054e-10,6.68e-13,55319.325428,55319.408403,xray
595,1.777e+18,,5.5149e-11,5.502e-13,52592.874132,52592.984028,xray
596,1.777e+18,,2.6804e-11,2.6048e-13,54230.412477,54230.494282,xray
597,1.777e+18,,3.1295e-11,2.7006e-13,54230.542095,54230.623981,xray
598,1.777e+18,,2.4366e-11,1.8666e-13,54230.167095,54230.364769,xray
599,1.777e+18,,2.3874e-11,1.1706e-13,52398.701273,52399.127234,xray
600,1.777e+18,,9.6878e-11,3.8447e-13,55512.889074,55512.98478,xray
601,1.777e+18,,4.6294e-11,2.4161e-13,54976.171331,54976.277454,xray
602,1.777e+18,,1.4297e-11,2.2785e-13,55893.978785,55894.11434,xray
603,1.777e+18,,3.4381e-10,6.3962e-13,53131.110336,53131.822512,xray
604,1.777e+18,,5.1891e-11,2.7935e-13,55514.884433,55514.980139,xray
605,1.777e+18,,2.3682e-10,8.5078e-13,54617.109086,54617.209711,xray
606,1.777e+18,,1.709e-10,6.6506e-13,52593.032708,52593.142697,xray
607,1.777e+18,,8.8693e-11,4.5204e-13,52611.001539,52611.111296,xray
608,1.777e+18,,3.3567e-11,5.1889e-13,55151.754977,55151.849525,xray
609,1.777e+18,,1.9838e-12,7.3116e-13,52792.060475,52792.271771,xray
610,7.254e+17,,6.1897e-11,9.9997e-14,52609.958426,52610.778715,xray
611,7.254e+17,,1.4465e-10,8.779e-14,52592.01941,52592.828148,xray
612,7.254e+17,,2.9648e-11,8.0359e-14,52592.01941,52592.828148,xray
613,7.254e+17,,1.0754e-10,2.0937e-13,54792.608796,54792.714919,xray
614,7.254e+17,,2.0911e-10,4.0022e-13,55151.754977,55151.849525,xray
615,7.254e+17,,8.0258e-11,2.3699e-13,52610.833588,52610.943426,xray
616,7.254e+17,,7.307e-11,1.9646e-13,54228.33772,54228.597118,xray
617,7.254e+17,,5.7301e-11,1.7607e-13,55698.443947,55698.555856,xray
618,7.254e+17,,6.0643e-11,1.2296e-13,51849.997523,51850.428669,xray
619,7.254e+17,,9.2706e-11,4.6453e-13,52792.060475,52792.271771,xray
620,7.254e+17,,4.8875e-11,1.5424e-13,52797.913194,52798.462269,xray
621,7.254e+17,,1.4265e-10,1.352e-13,52037.386169,52037.830706,xray
622,7.254e+17,,2.0778e-10,4.3123e-15,53683.76316,53684.455394,xray
623,7.254e+17,,1.7907e-10,1.6972e-13,51861.922998,51862.4664,xray
624,7.254e+17,,5.176e-11,2.2218e-13,54230.671736,54230.753611,xray
625,7.254e+17,,1.3098e-10,2.6748e-13,52983.891759,52984.190926,xray
626,7.254e+17,,8.4889e-11,2.5116e-13,52791.557164,52792.0264,xray
627,7.254e+17,,2.1863e-10,4.7268e-13,51689.181053,51689.389387,xray
628,7.254e+17,,1.3834e-10,3.579e-13,52592.874132,52592.984028,xray
629,7.254e+17,,2.2195e-10,2.0013e-13,52957.677037,52958.240324,xray
630,7.254e+17,,3.2549e-10,7.1888e-14,53883.089375,53883.888866,xray
631,7.254e+17,,2.3849e-11,7.4302e-14,52399.188877,52399.386319,xray
632,7.254e+17,,6.9072e-11,2.2836e-13,54228.613171,54228.839537,xray
633,7.254e+17,,1.8765e-10,3.8896e-13,55319.325428,55319.408403,xray
634,7.254e+17,,4.4663e-11,3.8616e-13,52592.874132,52592.984028,xray
635,7.254e+17,,4.9446e-11,1.9361e-13,54230.412477,54230.494282,xray
636,7.254e+17,,5.3833e-11,2.0392e-13,54230.542095,54230.623981,xray
637,7.254e+17,,4.4415e-11,1.5829e-13,54230.167095,54230.364769,xray
638,7.254e+17,,4.4432e-11,1.0046e-13,52398.701273,52399.127234,xray
639,7.254e+17,,1.2706e-10,2.3761e-13,55512.889074,55512.98478,xray
640,7.254e+17,,8.5564e-11,1.8507e-13,54976.171331,54976.277454,xray
641,7.254e+17,,2.7299e-11,1.5411e-13,55893.978785,55894.11434,xray
642,7.254e+17,,2.8895e-10,8.7649e-14,53131.110336,53131.822512,xray
643,7.254e+17,,8.4253e-11,1.9725e-13,55514.884433,55514.980139,xray
644,7.254e+17,,3.0435e-10,6.3174e-13,54617.109086,54617.209711,xray
645,7.254e+17,,1.7096e-10,3.4997e-13,52593.032708,52593.142697,xray
646,7.254e+17,,1.0317e-10,2.7261e-13,52611.001539,52611.111296,xray
647,7.254e+17,,4.5108e-11,3.6365e-13,55151.754977,55151.849525,xray
648,7.254e+17,,5.7975e-13,2.8041e-13,52792.060475,52792.271771,xray
649,3.385e+17,,7.4311e-11,7.0872e-14,52609.958426,52610.778715,xray
650,3.385e+17,,1.5448e-10,3.0622e-14,52592.01941,52592.828148,xray
651,3.385e+17,,9.4575e-12,1.3066e-14,52592.01941,52592.828148,xray
652,3.385e+17,,1.4939e-10,1.7163e-13,54792.608796,54792.714919,xray
653,3.385e+17,,2.2171e-10,2.3546e-13,55151.754977,55151.849525,xray
654,3.385e+17,,9.2001e-11,1.5601e-13,52610.833588,52610.943426,xray
655,3.385e+17,,1.0823e-10,1.5621e-13,54228.33772,54228.597118,xray
656,3.385e+17,,8.7827e-11,1.5067e-13,55698.443947,55698.555856,xray
657,3.385e+17,,8.1005e-11,9.5195e-14,51849.997523,51850.428669,xray
658,3.385e+17,,1.3975e-10,4.0841e-13,52792.060475,52792.271771,xray
659,3.385e+17,,8.161e-11,1.4814e-13,52797.913194,52798.462269,xray
660,3.385e+17,,1.6477e-10,1.8868e-14,52037.386169,52037.830706,xray
661,3.385e+17,,2.6545e-10,2.683e-14,53683.76316,53684.455394,xray
662,3.385e+17,,2.0644e-10,2.0117e-15,51861.922998,51862.4664,xray
663,3.385e+17,,6.7241e-11,1.6386e-13,54230.671736,54230.753611,xray
664,3.385e+17,,1.5835e-10,1.7152e-13,52983.891759,52984.190926,xray
665,3.385e+17,,1.2031e-10,1.6211e-13,52791.557164,52792.0264,xray
666,3.385e+17,,2.373e-10,2.4661e-13,51689.181053,51689.389387,xray
667,3.385e+17,,1.5289e-10,2.5062e-13,52592.874132,52592.984028,xray
668,3.385e+17,,2.5577e-10,8.446e-14,52957.677037,52958.240324,xray
669,3.385e+17,,3.1544e-10,9.0396e-15,53883.089375,53883.888866,xray
670,3.385e+17,,3.6562e-11,6.4363e-14,52399.188877,52399.386319,xray
671,3.385e+17,,1.0377e-10,1.5486e-13,54228.613171,54228.839537,xray
672,3.385e+17,,2.1645e-10,3.2017e-13,55319.325428,55319.408403,xray
673,3.385e+17,,1.1473e-11,1.9263e-13,52592.874132,52592.984028,xray
674,3.385e+17,,6.5893e-11,1.5082e-13,54230.412477,54230.494282,xray
675,3.385e+17,,6.8152e-11,1.6433e-13,54230.542095,54230.623981,xray
676,3.385e+17,,6.2768e-11,1.0322e-13,54230.167095,54230.364769,xray
677,3.385e+17,,5.942e-11,7.2929e-14,52398.701273,52399.127234,xray
678,3.385e+17,,1.4423e-10,1.669e-13,55512.889074,55512.98478,xray
679,3.385e+17,,1.297e-10,1.6984e-13,54976.171331,54976.277454,xray
680,3.385e+17,,5.0613e-11,1.4916e-13,55893.978785,55894.11434,xray
681,3.385e+17,,2.8512e-10,2.8304e-15,53131.110336,53131.822512,xray
682,3.385e+17,,1.0704e-10,1.3441e-13,55514.884433,55514.980139,xray
683,3.385e+17,,3.8237e-10,3.3827e-13,54617.109086,54617.209711,xray
684,3.385e+17,,1.5715e-10,2.2264e-13,52593.032708,52593.142697,xray
685,3.385e+17,,1.0285e-10,1.8773e-13,52611.001539,52611.111296,xray
686,3.385e+17,,3.9546e-11,2.6743e-13,55151.754977,55151.849525,xray
687,3.385e+17,,4.786e-12,3.5313e-13,52792.060475,52792.271771,xray
688,1.693e+17,,7.3705e-11,1.0524e-13,52609.958426,52610.778715,xray
689,1.693e+17,,1.5444e-10,1.2429e-14,52592.01941,52592.828148,xray
690,1.693e+17,,2.8053e-12,1.8832e-14,52592.01941,52592.828148,xray
691,1.693e+17,,1.4674e-10,1.5783e-13,54792.608796,54792.714919,xray
692,1.693e+17,,1.9361e-10,2.7769e-13,55151.754977,55151.849525,xray
693,1.693e+17,,8.8594e-11,1.6151e-13,52610.833588,52610.943426,xray
694,1.693e+17,,1.2116e-10,1.8166e-13,54228.33772,54228.597118,xray
695,1.693e+17,,9.9838e-11,1.5666e-13,55698.443947,55698.555856,xray
696,1.693e+17,,8.9873e-11,1.222e-13,51849.997523,51850.428669,xray
697,1.693e+17,,1.6151e-10,5.131e-13,52792.060475,52792.271771,xray
698,1.693e+17,,1.0164e-10,1.7025e-13,52797.913194,52798.462269,xray
699,1.693e+17,,1.5706e-10,7.831e-14,52037.386169,52037.830706,xray
700,1.693e+17,,2.7032e-10,3.3056e-14,53683.76316,53684.455394,xray
701,1.693e+17,,1.8999e-10,1.0455e-13,51861.922998,51862.4664,xray
702,1.693e+17,,7.2157e-11,1.6811e-13,54230.671736,54230.753611,xray
703,1.693e+17,,1.5267e-10,2.0476e-13,52983.891759,52984.190926,xray
704,1.693e+17,,1.3188e-10,2.0922e-13,52791.557164,52792.0264,xray
705,1.693e+17,,2.2725e-10,2.6021e-13,51689.181053,51689.389387,xray
706,1.693e+17,,1.4302e-10,2.5676e-13,52592.874132,52592.984028,xray
707,1.693e+17,,2.3803e-10,1.196e-13,52957.677037,52958.240324,xray
708,1.693e+17,,2.5354e-10,7e-14,53883.089375,53883.888866,xray
709,1.693e+17,,4.7521e-11,6.2475e-14,52399.188877,52399.386319,xray
710,1.693e+17,,1.1798e-10,2.0314e-13,54228.613171,54228.839537,xray
711,1.693e+17,,1.8112e-10,2.3299e-13,55319.325428,55319.408403,xray
712,1.693e+17,,2.1977e-12,2.1328e-13,52592.874132,52592.984028,xray
713,1.693e+17,,7.2734e-11,1.4607e-13,54230.412477,54230.494282,xray
714,1.693e+17,,7.4847e-11,1.2528e-13,54230.542095,54230.623981,xray
715,1.693e+17,,6.8294e-11,8.7757e-14,54230.167095,54230.364769,xray
716,1.693e+17,,7.4927e-11,3.6008e-14,52398.701273,52399.127234,xray
717,1.693e+17,,1.3379e-10,1.5436e-13,55512.889074,55512.98478,xray
718,1.693e+17,,1.3982e-10,1.5243e-13,54976.171331,54976.277454,xray
719,1.693e+17,,6.6381e-11,1.8339e-13,55893.978785,55894.11434,xray
720,1.693e+17,,2.2954e-10,5.1601e-15,53131.110336,53131.822512,xray
721,1.693e+17,,1.2077e-10,1.4989e-13,55514.884433,55514.980139,xray
722,1.693e+17,,3.4391e-10,4.9046e-13,54617.109086,54617.209711,xray
723,1.693e+17,,1.4826e-10,1.857e-13,52593.032708,52593.142697,xray
724,1.693e+17,,9.7944e-11,1.5963e-13,52611.001539,52611.111296,xray
725,1.693e+17,,3.2642e-11,3.1137e-13,55151.754977,55151.849525,xray
726,1.693e+17,,6.8821e-12,5.6213e-13,52792.060475,52792.271771,xray
727,7.254e+16,,8.9053e-11,1.5651e-13,52609.958426,52610.778715,xray
728,7.254e+16,,1.7948e-10,6.0339e-14,52592.01941,52592.828148,xray
729,7.254e+16,,5.6997e-12,2.9984e-14,52592.01941,52592.828148,xray
730,7.254e+16,,1.8564e-10,2.5439e-13,54792.608796,54792.714919,xray
731,7.254e+16,,2.3481e-10,3.6053e-13,55151.754977,55151.849525,xray
732,7.254e+16,,9.7074e-11,1.7192e-13,52610.833588,52610.943426,xray
733,7.254e+16,,1.5739e-10,2.76e-13,54228.33772,54228.597118,xray
734,7.254e+16,,1.4024e-10,2.7834e-13,55698.443947,55698.555856,xray
735,7.254e+16,,1.3441e-10,1.2547e-13,51849.997523,51850.428669,xray
736,7.254e+16,,2.2721e-10,9.7441e-13,52792.060475,52792.271771,xray
737,7.254e+16,,1.5715e-10,3.3214e-13,52797.913194,52798.462269,xray
738,7.254e+16,,1.796e-10,1.5493e-13,52037.386169,52037.830706,xray
739,7.254e+16,,3.522e-10,2.1273e-13,53683.76316,53684.455394,xray
740,7.254e+16,,2.4291e-10,9.322e-14,51861.922998,51862.4664,xray
741,7.254e+16,,8.5759e-11,1.9108e-13,54230.671736,54230.753611,xray
742,7.254e+16,,1.8323e-10,3.4675e-13,52983.891759,52984.190926,xray
743,7.254e+16,,1.69e-10,1.9117e-13,52791.557164,52792.0264,xray
744,7.254e+16,,2.9844e-10,4.7282e-13,51689.181053,51689.389387,xray
745,7.254e+16,,1.6948e-10,3.2983e-13,52592.874132,52592.984028,xray
746,7.254e+16,,2.5567e-10,1.3581e-13,52957.677037,52958.240324,xray
747,7.254e+16,,2.6206e-10,4.132e-15,53883.089375,53883.888866,xray
748,7.254e+16,,7.0938e-11,1.0314e-13,52399.188877,52399.386319,xray
749,7.254e+16,,1.5399e-10,3.2444e-13,54228.613171,54228.839537,xray
750,7.254e+16,,2.3369e-10,4.2003e-13,55319.325428,55319.408403,xray
751,7.254e+16,,8.4985e-12,2.406e-13,52592.874132,52592.984028,xray
752,7.254e+16,,8.8626e-11,1.9452e-13,54230.412477,54230.494282,xray
753,7.254e+16,,8.8849e-11,2.0286e-13,54230.542095,54230.623981,xray
754,7.254e+16,,8.3021e-11,1.4752e-13,54230.167095,54230.364769,xray
755,7.254e+16,,9.7888e-11,1.326e-13,52398.701273,52399.127234,xray
756,7.254e+16,,1.686e-10,2.8883e-13,55512.889074,55512.98478,xray
757,7.254e+16,,1.6375e-10,1.3337e-13,54976.171331,54976.277454,xray
758,7.254e+16,,1.0196e-10,3.6941e-13,55893.978785,55894.11434,xray
759,7.254e+16,,2.302e-10,1.5554e-13,53131.110336,53131.822512,xray
760,7.254e+16,,1.6789e-10,2.8014e-13,55514.884433,55514.980139,xray
761,7.254e+16,,3.8746e-10,6.1029e-13,54617.109086,54617.209711,xray
762,7.254e+16,,1.6939e-10,2.7945e-13,52593.032708,52593.142697,xray
763,7.254e+16,,1.0384e-10,2.021e-13,52611.001539,52611.111296,xray
764,7.254e+16,,3.3254e-11,6.1769e-13,55151.754977,55151.849525,xray
765,7.254e+16,,1.1414e-11,1.0751e-12,52792.060475,52792.271771,xray
766,1.185e+18,,3.8509e-10,2.4028e-11,53872.646725,53872.714676,xray
767,1.523e+17,,1.7959e-10,5.0765e-12,53872.646725,53872.714676,xray
768,3.748e+17,,2.8268e-10,7.2055e-12,53872.646725,53872.714676,xray
769,2.42e+17,,7.3258e-11,2.6439e-13,49297.334005,49297.0,xray
770,2.42e+17,,1.0796e-10,3.8557e-13,49111.821366,49112.106458,xray
771,2.42e+17,,1.1126e-10,2.6439e-13,49142.342257,49142.975035,xray
772,1.081e+18,,1.0823e-10,4.2894e-12,51159.61515,51161.677361,xray
773,1.081e+18,,1.3692e-10,1.6605e-11,50999.819826,51001.697373,xray
774,1.081e+18,,2.5651e-10,8.8039e-12,51148.206389,51149.067196,xray
775,1.081e+18,,7.7125e-11,8.8525e-12,51715.462558,51716.316008,xray
776,1.081e+18,,1.8004e-10,7.5712e-12,51150.277905,51151.34086,xray
777,1.081e+18,,7.6127e-11,7.0383e-12,50789.813067,50790.597281,xray
778,1.081e+18,,1.3642e-10,1.6872e-11,50974.535706,50974.89905,xray
779,1.081e+18,,1.1429e-10,1.8502e-11,52051.393171,52052.651389,xray
780,1.081e+18,,6.0259e-11,5.2936e-12,51336.61941,51337.538454,xray
781,1.081e+18,,2.338e-10,7.9553e-12,51353.247627,51353.760189,xray
782,1.081e+18,,1.7195e-10,2.851e-11,50994.682083,50996.607789,xray
783,1.081e+18,,1.2909e-10,2.0682e-11,51692.867812,51693.521542,xray
784,1.081e+18,,2.9056e-10,8.6494e-12,51151.412512,51153.615301,xray
785,1.081e+18,,2.4239e-10,8.6402e-12,51354.108113,51355.176645,xray
786,1.081e+18,,2.1059e-10,8.2343e-12,50990.209977,50991.254691,xray
787,1.081e+18,,1.4655e-10,2.0037e-11,51112.028611,51112.905855,xray
788,1.081e+18,,1.7432e-10,9.6548e-12,50763.647928,50764.62512,xray
789,1.081e+18,,6.5096e-11,5.5199e-12,50825.578264,50826.550315,xray
790,1.081e+18,,1.034e-10,8.223e-12,51334.337361,51336.540706,xray
791,1.081e+18,,3.9953e-11,5.1983e-12,50438.013044,50438.405111,xray
792,1.081e+18,,3.7692e-10,1.3946e-11,50982.365405,50982.994279,xray
793,1.081e+18,,2.1075e-10,7.0927e-12,51353.247627,51354.034874,xray
794,1.081e+18,,8.4567e-11,6.9426e-12,52056.214468,52056.682947,xray
795,1.081e+18,,1.4774e-10,4.9037e-12,52052.739259,52056.200185,xray
796,1.081e+18,,1.2655e-10,1.3294e-11,51684.489317,51687.184155,xray
797,1.081e+18,,5.4614e-11,6.1859e-12,50806.605613,50808.403935,xray
798,1.081e+18,,1.6729e-10,5.6542e-12,50970.127431,50974.053137,xray
799,1.081e+18,,1.4339e-10,1.7339e-11,51706.379572,51708.61853,xray
800,1.081e+18,,8.1003e-11,5.1172e-12,52061.528472,52065.333264,xray
801,1.081e+18,,2.5972e-10,8.0613e-12,51701.965625,51703.012581,xray
802,1.081e+18,,1.138e-10,7.1126e-12,52067.421377,52071.989734,xray
803,5.755e+17,,1.3755e-10,5.8184e-12,51159.61515,51161.677361,xray
804,9.237e+17,,1.1621e-10,5.6182e-12,51159.61515,51161.677361,xray
805,1.381e+18,,9.5393e-11,7.1959e-12,51159.61515,51161.677361,xray
806,2.123e+18,,6.5507e-11,1.071e-11,51159.61515,51161.677361,xray
807,5.755e+17,,1.3126e-10,2.1859e-11,50999.819826,51001.697373,xray
808,9.237e+17,,1.2506e-10,1.9284e-11,50999.819826,51001.697373,xray
809,1.381e+18,,1.2674e-10,2.2973e-11,50999.819826,51001.697373,xray
810,2.123e+18,,1.0228e-10,3.944e-11,50999.819826,51001.697373,xray
811,5.755e+17,,2.3165e-10,1.2523e-11,51148.206389,51149.067196,xray
812,9.237e+17,,2.5066e-10,1.2697e-11,51148.206389,51149.067196,xray
813,1.381e+18,,2.2613e-10,1.3453e-11,51148.206389,51149.067196,xray
814,2.123e+18,,2.6508e-10,2.1877e-11,51148.206389,51149.067196,xray
815,5.755e+17,,5.2434e-11,1.4615e-11,51715.462558,51716.316008,xray
816,9.237e+17,,6.4045e-11,1.128e-11,51715.462558,51716.316008,xray
817,1.381e+18,,7.7957e-11,1.116e-11,51715.462558,51716.316008,xray
818,2.123e+18,,4.7351e-11,1.9376e-11,51715.462558,51716.316008,xray
819,5.755e+17,,2.044e-10,1.0542e-11,51150.277905,51151.34086,xray
820,9.237e+17,,1.9171e-10,1.0266e-11,51150.277905,51151.34086,xray
821,1.381e+18,,1.5292e-10,1.2784e-11,51150.277905,51151.34086,xray
822,2.123e+18,,1.654e-10,2.087e-11,51150.277905,51151.34086,xray
823,6.021e+17,,8.7854e-11,1.079e-11,50789.813067,50790.597281,xray
824,9.648e+17,,9.1582e-11,1.0184e-11,50789.813067,50790.597281,xray
825,1.448e+18,,6.7911e-11,1.282e-11,50789.813067,50790.597281,xray
826,2.231e+18,,6.8699e-11,1.8185e-11,50789.813067,50790.597281,xray
827,5.755e+17,,1.8505e-10,3.5769e-11,50974.535706,50974.89905,xray
828,9.237e+17,,1.6246e-10,2.8861e-11,50974.535706,50974.89905,xray
829,1.381e+18,,1.1062e-10,3.3328e-11,50974.535706,50974.89905,xray
830,2.123e+18,,1.3341e-10,4.6741e-11,50974.535706,50974.89905,xray
831,5.755e+17,,1.3916e-10,3.0758e-11,52051.393171,52052.651389,xray
832,9.237e+17,,1.1525e-10,2.6448e-11,52051.393171,52052.651389,xray
833,1.381e+18,,9.6374e-11,2.6962e-11,52051.393171,52052.651389,xray
834,6.021e+17,,9.1042e-11,7.9736e-12,51336.61941,51337.538454,xray
835,9.648e+17,,5.5939e-11,7.806e-12,51336.61941,51337.538454,xray
836,1.448e+18,,6.1457e-11,8.8554e-12,51336.61941,51337.538454,xray
837,2.231e+18,,3.1852e-11,1.2781e-11,51336.61941,51337.538454,xray
838,6.021e+17,,3.3336e-10,1.2482e-11,51353.247627,51353.760189,xray
839,9.648e+17,,2.5784e-10,1.1065e-11,51353.247627,51353.760189,xray
840,1.448e+18,,2.1958e-10,1.3424e-11,51353.247627,51353.760189,xray
841,2.231e+18,,1.6845e-10,1.9498e-11,51353.247627,51353.760189,xray
842,6.021e+17,,2.8416e-10,3.9781e-11,50994.682083,50996.607789,xray
843,9.648e+17,,2.501e-10,3.9564e-11,50994.682083,50996.607789,xray
844,1.448e+18,,1.37e-10,5.5611e-11,50994.682083,50996.607789,xray
845,2.231e+18,,1.3246e-10,1.0162e-10,50994.682083,50996.607789,xray
846,6.021e+17,,1.8121e-10,2.7477e-11,51692.867812,51693.521542,xray
847,9.648e+17,,8.4819e-11,3.1044e-11,51692.867812,51693.521542,xray
848,1.448e+18,,1.5754e-10,3.5643e-11,51692.867812,51693.521542,xray
849,6.021e+17,,4.0478e-10,1.2528e-11,51151.412512,51153.615301,xray
850,9.648e+17,,3.1078e-10,1.0954e-11,51151.412512,51153.615301,xray
851,1.448e+18,,2.7224e-10,1.4152e-11,51151.412512,51153.615301,xray
852,2.231e+18,,1.9629e-10,2.4753e-11,51151.412512,51153.615301,xray
853,5.755e+17,,2.2562e-10,1.5213e-11,51354.108113,51355.176645,xray
854,9.237e+17,,2.4155e-10,1.0656e-11,51354.108113,51355.176645,xray
855,1.381e+18,,2.2018e-10,1.1916e-11,51354.108113,51355.176645,xray
856,2.123e+18,,1.6362e-10,1.7502e-11,51354.108113,51355.176645,xray
857,5.755e+17,,2.5477e-10,1.4028e-11,50990.209977,50991.254691,xray
858,9.237e+17,,2.2352e-10,1.2053e-11,50990.209977,50991.254691,xray
859,1.381e+18,,1.8231e-10,1.4885e-11,50990.209977,50991.254691,xray
860,2.123e+18,,1.689e-10,1.939e-11,50990.209977,50991.254691,xray
861,6.021e+17,,1.7088e-10,2.9409e-11,51112.028611,51112.905855,xray
862,9.648e+17,,1.0501e-10,2.6508e-11,51112.028611,51112.905855,xray
863,1.448e+18,,1.6761e-10,3.5105e-11,51112.028611,51112.905855,xray
864,2.231e+18,,1.0717e-10,5.8575e-11,51112.028611,51112.905855,xray
865,6.021e+17,,2.2627e-10,1.6757e-11,50763.647928,50764.62512,xray
866,9.648e+17,,2.0261e-10,1.3531e-11,50763.647928,50764.62512,xray
867,1.448e+18,,1.6358e-10,1.6184e-11,50763.647928,50764.62512,xray
868,2.231e+18,,1.1923e-10,2.6755e-11,50763.647928,50764.62512,xray
869,6.021e+17,,9.4704e-11,9.7861e-12,50825.578264,50826.550315,xray
870,9.648e+17,,7.7569e-11,7.9445e-12,50825.578264,50826.550315,xray
871,1.448e+18,,6.1644e-11,9.8345e-12,50825.578264,50826.550315,xray
872,2.231e+18,,4.7907e-11,1.4967e-11,50825.578264,50826.550315,xray
873,5.755e+17,,1.2666e-10,1.2739e-11,51334.337361,51336.540706,xray
874,9.237e+17,,1.2251e-10,1.2593e-11,51334.337361,51336.540706,xray
875,1.381e+18,,8.6899e-11,1.4523e-11,51334.337361,51336.540706,xray
876,2.123e+18,,6.7604e-11,2.3818e-11,51334.337361,51336.540706,xray
877,5.755e+17,,5.1969e-11,8.5232e-12,50438.013044,50438.405111,xray
878,9.237e+17,,3.021e-11,7.2776e-12,50438.013044,50438.405111,xray
879,1.381e+18,,4.0694e-11,8.3821e-12,50438.013044,50438.405111,xray
880,2.123e+18,,4.5951e-11,1.2557e-11,50438.013044,50438.405111,xray
881,5.755e+17,,3.5848e-10,2.2157e-11,50982.365405,50982.994279,xray
882,9.237e+17,,3.4623e-10,2.0243e-11,50982.365405,50982.994279,xray
883,1.381e+18,,3.6567e-10,2.244e-11,50982.365405,50982.994279,xray
884,2.123e+18,,2.6693e-10,3.443e-11,50982.365405,50982.994279,xray
885,6.021e+17,,3.118e-10,1.152e-11,51353.247627,51354.034874,xray
886,9.648e+17,,2.3334e-10,9.3084e-12,51353.247627,51354.034874,xray
887,1.448e+18,,1.9659e-10,1.1571e-11,51353.247627,51354.034874,xray
888,2.231e+18,,1.4405e-10,1.7007e-11,51353.247627,51354.034874,xray
889,5.755e+17,,1.0838e-10,1.1504e-11,52056.214468,52056.682947,xray
890,9.237e+17,,7.4557e-11,1.0079e-11,52056.214468,52056.682947,xray
891,1.381e+18,,7.8993e-11,1.0919e-11,52056.214468,52056.682947,xray
892,2.123e+18,,7.3064e-11,1.965e-11,52056.214468,52056.682947,xray
893,5.755e+17,,1.4397e-10,7.9205e-12,52052.739259,52056.200185,xray
894,9.237e+17,,1.4145e-10,5.1035e-12,52052.739259,52056.200185,xray
895,1.381e+18,,1.349e-10,5.6419e-12,52052.739259,52056.200185,xray
896,2.123e+18,,1.0112e-10,8.9458e-12,52052.739259,52056.200185,xray
897,6.021e+17,,2.1259e-10,2.2384e-11,51684.489317,51687.184155,xray
898,9.648e+17,,1.7001e-10,2.0817e-11,51684.489317,51687.184155,xray
899,1.448e+18,,1.0703e-10,2.2542e-11,51684.489317,51687.184155,xray
900,5.755e+17,,8.7388e-11,8.8117e-12,50806.605613,50808.403935,xray
901,9.237e+17,,5.0609e-11,9.054e-12,50806.605613,50808.403935,xray
902,1.381e+18,,4.948e-11,1.0699e-11,50806.605613,50808.403935,xray
903,2.123e+18,,2.7281e-11,1.8862e-11,50806.605613,50808.403935,xray
904,6.021e+17,,2.5283e-10,8.8181e-12,50970.127431,50974.053137,xray
905,9.648e+17,,1.8218e-10,8.1964e-12,50970.127431,50974.053137,xray
906,1.448e+18,,1.5838e-10,1.0251e-11,50970.127431,50974.053137,xray
907,2.231e+18,,1.1949e-10,1.7928e-11,50970.127431,50974.053137,xray
908,5.755e+17,,2.9772e-10,3.7791e-11,51706.379572,51708.61853,xray
909,9.237e+17,,1.768e-10,2.6667e-11,51706.379572,51708.61853,xray
910,1.381e+18,,1.1608e-10,2.7888e-11,51706.379572,51708.61853,xray
911,2.123e+18,,1.2502e-10,4.9641e-11,51706.379572,51708.61853,xray
912,5.755e+17,,1.0516e-10,9.5701e-12,52061.528472,52065.333264,xray
913,9.237e+17,,7.9992e-11,5.9586e-12,52061.528472,52065.333264,xray
914,1.381e+18,,7.3399e-11,6.3074e-12,52061.528472,52065.333264,xray
915,2.123e+18,,7.2915e-11,1.0748e-11,52061.528472,52065.333264,xray
916,6.021e+17,,2.8772e-10,1.1227e-11,51701.965625,51703.012581,xray
917,9.648e+17,,2.6787e-10,9.252e-12,51701.965625,51703.012581,xray
918,1.448e+18,,2.4783e-10,1.0569e-11,51701.965625,51703.012581,xray
919,2.231e+18,,2.2353e-10,1.5692e-11,51701.965625,51703.012581,xray
920,5.755e+17,,9.4703e-11,1.3228e-11,52067.421377,52071.989734,xray
921,9.237e+17,,1.0576e-10,6.8761e-12,52067.421377,52071.989734,xray
922,1.381e+18,,1.0516e-10,6.4476e-12,52067.421377,52071.989734,xray
923,2.123e+18,,8.6213e-11,9.2868e-12,52067.421377,52071.989734,xray
924,7.254e+17,,3.79e-10,4.3263e-13,51673.172917,51676.296262,xray
925,7.254e+17,,4.9122e-10,1.0365e-12,51662.980185,51663.966956,xray
926,7.254e+17,,1.7125e-10,4.9573e-13,50986.303021,50987.098519,xray
927,7.254e+17,,4.5517e-10,9.4638e-13,51664.333623,51667.092384,xray
928,7.254e+17,,8.6527e-11,1.8477e-13,51302.761759,51306.14015,xray
929,7.254e+17,,4.777e-10,9.9148e-13,51661.891146,51662.968588,xray
930,7.254e+17,,1.3204e-10,4.3264e-13,50926.020012,50927.275741,xray
931,7.254e+17,,2.2082e-10,5.8587e-13,50924.083264,50925.134583,xray
932,2.42e+17,,1.9462e-10,1.8441e-12,48104.0,48499.0,xray
933,2.42e+17,,1.5161e-10,1.6245e-12,47892.5,48257.5,xray
934,2.42e+17,,4.3169e-11,2.8265e-12,43813.5,44695.5,xray
935,2.42e+17,,2.0777e-11,7.6749e-13,43813.5,44695.5,xray
936,2.42e+17,,4.3364e-11,5.3705e-13,43813.5,44695.5,xray
937,2.42e+17,,5.1496e-11,6.6989e-13,43813.5,44695.5,xray
938,7.646e+16,,1.9528e-11,2.3864e-12,46069.695312,46069.695312,xray
939,7.646e+16,,4.2987e-11,3.009e-12,46069.636719,46069.636719,xray
940,7.646e+16,,7.707e-12,2.8853e-12,45732.605469,45732.605469,xray
941,7.646e+16,,6.6063e-11,3.8385e-12,46069.609375,46069.609375,xray
942,7.646e+16,,1.9313e-11,2.3295e-12,45734.605469,45734.605469,xray
943,7.646e+16,,5.7208e-11,2.9924e-12,45734.539062,45734.539062,xray
944,7.646e+16,,3.7735e-11,2.056e-12,45734.558594,45734.558594,xray
945,7.646e+16,,6.7407e-11,2.8032e-12,45731.472656,45731.472656,xray
946,7.646e+16,,6.5125e-11,2.6696e-12,45736.050781,45736.050781,xray
947,7.646e+16,,4.3497e-11,1.8299e-12,45731.511719,45731.511719,xray
948,7.646e+16,,4.0804e-11,2.2507e-12,45736.089844,45736.089844,xray
949,7.646e+16,,1.7585e-11,3.7135e-12,45732.582031,45732.582031,xray
950,7.646e+16,,1.867e-11,3.0535e-12,45736.132812,45736.132812,xray
951,7.646e+16,,6.3505e-11,2.6198e-12,46197.675781,46197.675781,xray
952,7.646e+16,,1.5104e-10,6.0697e-12,46039.808594,46039.808594,xray
953,7.646e+16,,7.7289e-11,4.7162e-12,46039.882812,46039.882812,xray
954,7.646e+16,,1.2029e-10,4.8061e-12,46039.832031,46039.832031,xray
955,7.646e+16,,2.68e-11,2.0942e-12,45732.546875,45732.546875,xray
956,7.646e+16,,7.005e-11,3.4097e-12,46037.96875,46037.96875,xray
957,7.646e+16,,4.1803e-11,1.7846e-12,46192.007812,46192.007812,xray
958,7.646e+16,,4.433e-11,2.0604e-12,45732.496094,45732.496094,xray
959,7.646e+16,,5.697e-11,2.0894e-12,46191.929688,46191.929688,xray
960,7.646e+16,,1.629e-11,1.6275e-12,46192.105469,46192.105469,xray
961,7.646e+16,,8.8424e-11,3.7374e-12,46036.746094,46036.746094,xray
962,7.646e+16,,2.0762e-11,1.9378e-12,46183.96875,46183.96875,xray
963,7.646e+16,,1.175e-10,4.7798e-12,46036.71875,46036.71875,xray
964,7.646e+16,,4.2014e-11,1.936e-12,46183.890625,46183.890625,xray
965,7.646e+16,,6.6371e-11,2.3795e-12,46196.875,46196.875,xray
966,7.646e+16,,5.6715e-11,3.99e-12,46036.792969,46036.792969,xray
967,7.646e+16,,1.8151e-11,1.8155e-12,46206.710938,46206.710938,xray
968,7.646e+16,,5.763e-11,2.1113e-12,46183.8125,46183.8125,xray
969,7.646e+16,,4.5343e-11,1.9979e-12,46196.960938,46196.960938,xray
970,7.646e+16,,3.7041e-11,1.83e-12,46206.628906,46206.628906,xray
971,7.646e+16,,2.5123e-11,2.6275e-12,46177.386719,46177.386719,xray
972,7.646e+16,,7.4664e-11,2.6355e-12,46177.230469,46177.230469,xray
973,7.646e+16,,1.1441e-10,4.0946e-12,46037.859375,46037.859375,xray
974,7.646e+16,,5.6509e-11,2.4843e-12,46177.3125,46177.3125,xray
975,7.646e+16,,1.4992e-10,5.6907e-12,46037.824219,46037.824219,xray
976,7.646e+16,,5.2146e-11,1.9469e-12,46206.546875,46206.546875,xray
977,7.646e+16,,1.8638e-11,1.937e-12,46197.046875,46197.046875,xray
978,8.376e+17,,2.714e-10,1.6962e-11,,,xray
979,8.376e+17,,3.7105e-11,2.4737e-12,,,xray
980,1.081e+18,,3.3431e-10,7.9522e-12,53647.181157,54416.616076,xray
981,3.419e+17,,5.0529e-10,7.8909e-12,53647.181157,54416.616076,xray
982,4.188e+17,,5.2113e-10,4.4025e-12,53647.181157,54416.616076,xray
983,1.325e+17,,5.4379e-10,6.516e-12,53647.181157,54416.616076,xray
2961,3.75e+16,,1.78e-10,4e-12,,,xray
